{"type": "block", "layer": 3, "block": 7, "features": [{"geom": {"polygons": [[[[-691.7675932385027, -269.96140978019685], [-709.6232395600528, -224.7149785431102], [-654.38650823012, -202.91182075440884], [-636.5308619067073, -248.15837525762618], [-691.7675932385027, -269.96140978019685]]]], "centroids": [[-673.0770410168916, -236.43663892894983, 339.38311767578125]], "h": 25.0}, "mtl": {"face": 0, "edge": 69}}, {"geom": {"polygons": [[[[805.3793703895062, 989.1828426029533], [803.1752444710582, 990.2703994829208], [816.8786737881601, 1018.067666226998], [810.8340254370123, 1021.0538504933938], [818.0141325946897, 1035.6345563400537], [837.6286268718541, 1025.9570937445387], [816.7339584510773, 983.5791620276868], [805.3793703895062, 989.1828426029533]]]], "centroids": [[820.0086977798492, 1010.6074931612238, 338.8658142089844]], "h": 25.0}, "mtl": {"face": 0, "edge": 116}}], "featureCount": 2, "startIndex": 350}